,nome,unidade,id,unidade_encontrada
0,QUEIJO FRESCO KG,KG,0,KG
1,QUEIJO MINAS KG,KG,0,KG
2,FLORES CESTA RUSTICA CALANDIVA COD13,UN,1,UN
3,STRETTO EXTRA LIMPO KG BANDEJA,KG,0,KG
4,STROGONOFF ALCATRA KG,KG,0,KG
5,LINGUICA GRILL QUADRADA KG,KG,0,KG
6,CUDIGUIM KG,KG,0,KG
7,ESFIHA ABERTA KG RICOTA,KG,0,KG
8,KAFTA QUADRADA KG,KG,0,KG
9,MUSSARELA PECA KG,KG,0,KG
10,LINGUICA QUADRADA APIMENTADA KG,KG,0,KG
11,PANO LIMPPANO FURATTO 5 UND LIMAO,UN,1,UND
12,ACELGA SCOPEL UNID VILSON SCOPEL,UN,1,UNID
13,PAO SANDUICHE INTEGRAL UN,K,2,UN
14,Flor Palmeira Raphis P17,UN,1,UN
15,PELE SUINA SALGADA KG,KG,0,KG
16,MOSTARDA HEINZ 255G,UN,1,G
17,MUSSARELA PALITO PASTORA DA FAZENDA KG,KG,0,KG
18,PIZZA BROTINHO CREME DE AVELA C/ AMENDOI KG,KG,0,KG
19,Flor Spathiphyllum P11/Lata/Vidro,UN,1,UN
20,PERNIL SUINO S/OSSO CUBOS KG,KG,0,KG
21,ESPUMA FLORAL UND SHELF INDETERMINADO,UN,1,UND
22,SALG BATATA PALHA FRITEX VISCONTI TRAD 140G,UN,1,G
23,FLOR HEDERA P13/VD,UN,1,UN
24,MIX DE FRIOS FATIADO KG MUSSARELA/QUEIJO PRATO/MORTADELA/PRESUNT,KG,0,KG
25,PAO 50G SORTIDO,UN,1,G
26,QUEIJO GOUDA FRACAO KG,KG,0,KG
27,SACOLA UN ECOLOGICA,UN,1,UN
28,CAIXA PAPEL CESTAS ABERTA P.,UN,1,CAIXA
29,CAIXA PAPEL CESTAS ABERTA M.,UN,1,CAIXA
30,COSTELA SUINA DEFUMADA KG,KG,0,KG
31,FLOR ORQUIDEA CYMBIDIUM P18 HIRANAKA,UN,1,UN
32,PIZZA BROTINHO SALAME KG,KG,0,KG
33,PIZZA BROTINHO CARNE SECA KG,KG,0,KG
34,FLOR SUCULENTA C13/BICHINHOS,UN,1,UN
35,FLOR SUCULENTA BONSAI/POCO/BALANCA,UN,1,UN
36,BOLO CONF. RECH. LEITE NINHO COM ABACAXI KG,KG,0,KG
37,KETCHUP HEINZ 397G TRAD,UN,1,G
38,MORTADELA EM CUBOS KG,KG,0,KG
39,FLOR PEPERONIA P13/VD,UN,1,UN
40,COXA SOBRECOXA BELLO COMPRA KG,KG,0,KG
41,COXINHA ASA BELLO COMPRA KG,KG,0,KG
42,FILE DE PEITO BELLO COMPRA KG,KG,0,KG
43,PEITO FRANGO BELLO COMPRA KG,KG,0,KG
44,VINHO ALMADEN TINTO SECO 750ML CABERNET FRANC,CX,3,ML
45,VINHO ALMADEN 750ML TANNAT,CX,3,ML
46,SALADA LAGARTO KG,KG,0,KG
47,CABO UN,UN,1,UN
48,MARACUJA 300G DOCE,UN,1,G
49,FLOR ROSA PALACE/RENATA C21,UN,1,UN
50,KAFTA SUINA CONGELADA PALITO KG,KG,0,KG
51,CARNE MOIDA BANDEJA KG,KG,0,KG
52,MORTADELA TRITURADA KG,KG,0,KG
53,BISC ARABE UN BALEWE,UN,1,UN
54,BISC ARABE UN MIX,UN,1,UN
55,FLOR PEPERONIA P14,UN,1,UN
56,FLOR PEPERONIA P11,UN,1,UN
57,ALFAJOR KG,KG,0,KG
58,FRUTAS CONGELAS PURA POLPA ABACAXI 1KG PURA POLPA,FD,4,KG
59,FRUTAS CONGELAS PURA POLPA ACEROLA 1KG PURA POLPA,FD,4,KG
60,FRUTAS CONGELAS PURA POLPA MARACUJA 1KG PURA POLPA,FD,4,KG
61,LICOR REIN SABOR HIBISCO 670ML SHELF - INDETERMINADA,UN,1,ML
62,PIZZA CALABRESA UND,UN,1,UND
63,FRANGO CONGELADO CONFINA KG,KG,0,KG
64,SALSICHA DE FRANGO KG,KG,0,KG
65,MPP RECHEIO KG COCO PRODUCAO,BD,5,KG
66,BOLO DE MILHO CREMOSO KG,KG,0,KG
67,BOLO CHOCO MOUSSE KG,KG,0,KG
68,COMINHO MOIDO PETRY 40G,UN,1,G
69,LINGUICA DE PERNIL C/ MUSSARELA E PRESUNTO KG,KG,0,KG
70,PURO ALHO PASTA PETRY 200G,UN,1,G
71,PURO ALHO TRITURADO PETRY 200G,UN,1,G
72,LUA DE MEL DOCE LEITE KG,KG,0,KG
73,CAROLINA DOCE DE LEITE KG,KG,0,KG
74,BOMBA LEITE NINHO KG,KG,0,KG
75,CUDIGUIM APIMENTADO KG,KG,0,KG
76,BOLO RECHEADO CHOCOLATE KG,KG,0,KG
77,OSSO BUCO BANDEJA KG,KG,0,KG
78,FLOR ORQUIDIA DENPHALEN UN POTE 12 WENDEL,UN,1,UN
79,CACHEPOT ACRILICO REDONDO VERSALIES OURO 15X15CM SHELF INDETERMINADO,UN,1,CM
80,EMB GF 06B,Fd,6,EMB
81,Rocambole De Prestigio Kg,KG,0,Kg
82,PANETTONE MINI CHOCOLATE KG,KG,0,KG
83,Panettone Bola C/ Chocolate Kg,KG,0,Kg
84,M.P COXA/SOBRECOXA C/PELE S/OSSO RESFRIADA KG SHELF 15 RESFRIADO,KG,0,KG
85,M.P COXINHA DA ASA RESFRIADA KG SHELF 15 RESFRIADO,KG,0,KG
86,M.P MEIO DA ASA RESFRIADO KG SHELF 15 RESFRIADO,KG,0,KG
87,M.P COXA E SOBRE FRANGO RESFRIADA KG SHELF 15 RESFRIADO,KG,0,KG
88,VASO CERAMICO FRASES M. KI AMOR SHELF INDETERMINADO,UN,1,KI
89,BONECO BOB SENTADO KI AMOR G. SHELF INDETERMINADO,UN,1,KI
90,CACHEPOT MADEIRA 2 MINI SUCULENTAS KI AMOR SHELF INDETERMINADO,UN,1,KI
91,CACHEPOT RUSTICO KI AMOR P11 SHELF INDETERMINADO,UN,1,KI
92,CACHEPOT RUSTICO ORQUIDEA KI AMOR SHELF INDETERMINADO,UN,1,KI
93,CACHEPOT RUSTICO KI AMOR P15 ESPELHO SHELF INDETERMINADO,UN,1,KI
94,CAIXA MADEIRA KI AMOR P11 SHELF INDETERMINADO,UN,1,CAIXA
95,CAIXA MADEIRA KI AMOR P15 SHELF INDETERMINADO,UN,1,CAIXA
96,CAIXA RETANGULAR MADEIRA P/2 KI AMOR P11 SHELF INDETERMINADO,UN,1,CAIXA
97,ESPETINHO DE PANCETA KG,KG,0,KG
98,QUEIJO FRESCO KG,KG,0,KG
99,CONFEITO CHOCOLTE COPO 150G,UN,1,G
100,MELANCIA EM CORTE KG BANDEJA,KG,0,KG
101,BISCOITO DE QUEIJO (CONVENIENCIA) KG,KG,0,KG
102,LINGUICA DE FRANGO QUADRADA KG,KG,0,KG
103,LINGUICA CALABRESA DEFUMADA KG FATIADA,KG,0,KG
104,PAO SEMI BRIOCHE KG,KG,0,KG
105,QUEIJO PRATO ESFERICO KG COD. 215,KG,0,KG
106,QUEIJO EMMENTAL KG COD. 207,KG,0,KG
107,QUEIJO GRUYERE KG COD. 205,KG,0,KG
108,QUEIJO GOUDA KG COD. 203,KG,0,KG
109,QUEIJO GORGONZOLA KG COD. 201,KG,0,KG
110,FLOR CALANDIVA VASO 15 POTE 15 WENDEL,UN,1,UN
111,PIZZA BROTINHO LOMBO CANADENSE KG,KG,0,KG
112,PEITO DE FRANGO A PASSARINHO BDJ KG,KG,0,KG
113,LINGUICA PAIO GOMOS KILO VACUO,KG,0,UN
114,ALMONDEGA DE FRANGO KG,KG,0,KG
115,ALMONDEGA DE FRANGO AO MOLHO KG,KG,0,KG
116,BOLO DE POTE KG BRIGADEIRO,KG,0,KG
117,BANHA SUINA (FRIOS) KG,KG,0,KG
118,BOLO DE POTE KG BRIGADEIRO E NINHO,KG,0,KG
119,BIFE A ROLE COZIDO (FRIOS) KG,KG,0,KG
120,COPO SORVETE 175 ML,UN,1,ML
121,CHARUTO DE REPOLHO (FRIOS) KG,KG,0,KG
122,PIRULITO DE CHOCOLATE KG,KG,0,KG
123,MASSA DE BOLO KG CHOCOLATE,KG,0,KG
124,MASSA DE BOLO KG BRANCA,KG,0,KG
125,TEMP SAZON 60G CARNES/LEG VERM,,-1,G
126,CARRE SUINO,KG,0,UN
127,ECHEVERIA MINI P11,UN,1,UN
128,QUEIJO MEIA CURA KG,KG,0,KG
129,AVE SUPREME ASSA FACIL KG,KG,0,KG
130,COQUETEL ALCOOLICO SKARLOFF VD 275ML LIMAO -,CX,3,ML
131,CREME CHANTILLY 1L PRODUCAO,UN,1,L
132,COXA E SOBRECOXA CONGELADA TEMPERADA KG,KG,0,KG
133,QUEIJO PRATO P/FATIAR KG,KG,0,KG
134,BACON LOMBO KG,KG,0,KG
135,LOMBO TIPO CANADENSE FATIADO KG,KG,0,KG
136,LINGUICA CHURRASCO BANDEJA KG,KG,0,KG
137,SALSICHA C/PELE KG PACOTE PEQUENO,KG,0,KG
138,ABOBORA CREMOSA BATA KG TREBESCHI,KG,0,KG
139,QUEIJO TIPO REINO FRACIONADO KG,KG,0,KG
140,KIT KANJA CONGELADA KG,KG,0,KG
141,QUEIJO MINAS FRESCAL KILO,KG,0,UN
142,FEMININO CALCA,KG,0,UN
143,BZ COPO DESC 200ML BEBIDA QUENTE 50UN -,UN,1,UN
144,LING TOSCANA PERDIGAO NA BRASA RESFR KG CPRA,KG,0,KG
145,TORRADA INTEGRAL ESPECIAL,UN,1,UN
146,REF COCA COLA 2L IFOOD,UN,1,L
147,"HAMBURGER TEXAS BURGER SEARA 2,016 AV/BO SEARA",UN,1,UN
148,REF FANTA LARANJA 2 L IFOOD,UN,1,L
149,"HAMBURGER REZENDE BOV/AVE 36UN 2,016KG SEARA",UN,1,KG
150,REF GUARANA ANTARTICA 2L IFOOD,UN,1,L
151,NINHO SPECIALE 500G VITARELLA,UN,1,G
152,PASTEL BELEM UNIDADE,UN,1,UNIDADE
153,LACTA INTENSE 40% CACAU ORIGINAL 85G,UN,1,G
154,FOLHA CURRICULO VITAE UNIDADE,UN,1,UNIDADE
155,MASCARA DESCARTAVEL,UN,1,UN
156,ACEM BOVINA PAI ACOUGUE,KG,0,UN
157,ZMP OLEO DE SOJA L ATALAIA,KG,0,L
158,ABRIDOR DE GARRAFA FUN COOK TUBARAO/JACARE,UN,1,UN
159,COCO RALADO SOCOCO 50G,UN,1,G
160,LEITE COCO MAIS COCO 200ML,UN,1,ML
161,LEITE COCO MAIS COCO 500ML,UN,1,ML
162,FLANELA CRISTAL 46CMX76CM,UN,1,CM
163,GRAFITE KAZ MINAS 0.5 UN KAZ,UN,1,UN
164,EMB MILLENIUM MEDIA REF60,UN,1,EMB
165,CHEIRO VERDE VIMAR 15G,UN,1,G
166,SALSA DESIDRATADA VIMAR 15G,UN,1,G
167,CEBOLINHA DESIDRATADA VIMAR 15G,UN,1,G
168,ESPONJA SCOTCH BRITE MULTIUSO LV+PG 3M,UN,1,M
169,COMINHO VIMAR 10G,UN,1,G
170,PURO ALHO LARIS POTE 200G,UN,1,G
171,MILHO DE PIPOCA VIMAR 500G,UN,1,G
172,PURO ALHO LARIS POTE 500G,UN,1,G
173,NOZ MOSCADA VIMAR 5G,UN,1,G
174,GOLDEN FILHOTES CARNE 1 KG,UN,1,KG
175,PIMENTA KI-PALADAR 40G,UN,1,G
176,PREMIER ADULTOS AMBIENTES INTERNOS 1 KG,UN,1,KG
177,PREMIER SHIHTZU ADULTO 1 KG,UN,1,KG
178,PIMENTA MOIDA ESPECIAL VIMAR 40G,UN,1,G
179,PREMIER YORKSHIRE ADULTOS 1KG,UN,1,KG
180,GRAO DE BICO VIMAR 500G,UN,1,G
181,COLORIFICO VIMAR 70G,UN,1,G
182,ALHO GODOY 200G,UN,1,G
183,MINI INDOOR JUNIOR 1 KG,UN,1,KG
184,ALHO LARIS 500G,UN,1,G
185,SOBRECOXA BANDEJA FREGUES KG,UN,1,KG
186,ORGANNACT FITOCALMYN PALIT 160G,UN,1,G
187,ORGANNACT OMEGA3 DOG 500MG 15G,UN,1,G
188,SHIH TZU JUNIOR 1 KG,UN,1,KG
189,FITOFIX GEL -60 G - CICATRIZANTE DE FERIMENTOS,UN,1,G
190,PET SMACK-DEO COLONIA FILHOTES 120ML,UN,1,ML
191,PET SMACK- LEAVE-ON,UN,1,PET
192,URINE ON 30ML,UN,1,ML
193,DEDEIRA,UN,1,UN
194,MISSO CLARO 500 GRS,UN,1,GRS
195,APRACUR ENVELOPE COM 6 COMPRIMIDOS REVESTIDOS,UN,1,UN
196,BRINQUEDO PELUCIA OCTOPUS,UN,1,UN
197,PENTE GRANDE,UN,1,UN
198,PAO DE MEL CHOCOLATE AO LEITE BAUDUCCO 30G,UN,1,G
199,MORANGO VIZENTIN 300G,UN,1,G
200,MORANGO VIZENTIN 250G,UN,1,G
201,PINCEL MARCATEXTO ARMARINHOS PERM 1UN AZUL,UN,1,UN
202,VEGGIE DENT,UN,1,UN
203,"SHIH TZU ADULT 2,5 KG",UN,1,KG
204,GOLDEN GATOS ADULTOS FRANGO 1KG,UN,1,KG
205,GOLDEN GATOS ADULTOS CARNE 1 KG,UN,1,KG
206,HILLS ADULTO MANUTENCAO SAUDAVEL PEDACOS PEQ. 800G,UN,1,G
207,HILLS ADULTO RACAS PEQ. E MINIATURAS 800G,UN,1,G
208,MINI INDOOR ADULT 7.5KG,UN,1,KG
209,TAPETE HIGIENICO 55X60 30 UNIDADES,UN,1,UN
210,INSET BAYGON AER ACAO TOT 395 GR,UN,1,GR
211,MINI INDOOR ADULTO 2.5KG,UN,1,KG
212,DACHSHUND ADULTO 7.5 KG,UN,1,KG
213,MELHORAL INFANTIL COM 8 COMPRIMIDOS,UN,1,UN
214,FORMULA NATURAL ADULTO MINI PEQUENO 7KG,UN,1,KG
215,FORMULA NATURAL ADULTO MINI/PEQ PORTE 2.5KG,UN,1,KG
216,DOG BISCUITS FORMULA 200G,UN,1,G
217,FORMULA NATURAL FILHOTE MINI/PEQUE 7KG,UN,1,KG
218,PREMIER AMBIENTES INT DERMACARE 2.5KG,UN,1,KG
219,ORGANNACT LACTOBAC DOG 16G,UN,1,G
220,FORMULA NATURAL SENIOR PORT MINI PEQ 7KG FRESH MEAT,UN,1,KG
221,GOLDEN CAES ADULTOS CARNE 3KG,UN,1,KG
222,ORGANNACT PELEFOOD 160G,UN,1,G
223,EPOCLER FLACONETE 10ML,UN,1,ML
224,"MINILAX 1 BISNAGA COM 6,5G",g,7,G
225,LOPERAMIDA 2MG GLOBO GENERICO COM 4 COMPRIMIDOS,UN,1,M
226,BENZETACIL 1.200.000 INJETAVEL 1 FRASCO AMPOLA DE 4ML,ml,8,ML
227,FLORES FELL BAMBU DA SORTE,UN,1,UN
228,PERDIGAO BACON DEFUMADO PEDACO KG,KG,0,KG
229,TABLETES VALDA COM 1 UNIDADE,UN,1,UNIDADE
230,MINI COQUETEL C/ CHIA DA CASA 30G,UN,1,G
231,XANTINON COMPLEXO FLACONETE12 10ML,CX,3,ML
232,ASPIRINA C COMPRIMIDOS EFERVESCENTES COM 2 UNIDADES SABOR LIMAO,UN,1,UN
233,HALDOL DECANOATO 50MG/ML INJETAVEL 1 AMPOLA DE 1ML,UN,1,ML
234,BINELLI GOTAS 10ML,FR,9,ML
235,DRINKS NUSAKINHO 500ML,UN,1,ML
236,"COLA BASTAO GROSSA 11,2X30CM KAZ",UN,1,CM
237,"COLA BASTAO FINA 7,5X30CM KAZ",UN,1,CM
238,LING TOSCANA FRIMESA RESFR KG CPRA,KG,0,KG
239,PARACETAMOL 750MG CIMED GENERICO COM 10 COMPRIMIDOS,UN,1,M
240,COPO NADIR AMERICANO 2010,UN,1,UN
241,JG TAPETE VM COZIN 3PC 1PASSAD(40X140)+2TAP(40X70),UN,1,PC
242,LUVA PLASTICA DESCARTAVEL NTFLEX 100 UNIDADES,UN,1,UN
243,"TABLETES VALDA DIET COM 3,5G",UN,1,G
244,CAL VIRGEM 100G PARA DOCE,UN,1,G
245,"BRINCO 16,99",UN,1,UN
246,MUSCULO BOVINO PAI ACOUGUE,KG,0,UN
247,SOBRECOXA DE FRANGO PAI ACOUGUE,KG,0,UN
248,MARCADOR DE TEXTO AMARELO KZ UN KZ936112 KAZAN,UN,1,UN
249,MARCADOR DE TEXTO LARANJA KZ UN KAZAN,UN,1,UN
250,CAIXA TERMICA ISOPOR 5 LITROS,UN,1,CAIXA
251,DUODERM CGF 10X10CM COM 1 CURATIVO,UN,1,CM
252,MARCADOR DE TEXTO VERDE FLUORESCE KZ UN KAZAN,UN,1,UN
253,TYLENOL DC 4 COMPRIMIDOS,UN,1,UN
254,ACIDO ACETILSALICILICO 500MG EMS GENERICO COM 10 COMPRIMIDOS,UN,1,M
255,MANA DAS CRIANCAS 60ML,FR,9,ML
256,MASCARA LISA VERDE UN MASCARA,UN,1,UN
257,"BIOFLAC 15MG INJETAVEL 1 AMPOLA DE 1,5ML",UN,1,ML
258,ENGOV COM 6 COMPRIMIDOS,UN,1,UN
259,DIPIRONA SODICA 500MG MEDLEY GENERICO ENVELOPE COM 10 COMPRIMIDOS,UN,1,M
260,ACIDO ACETILSALICILICO 100MG INFANTIL EMS GENERICO COM 10 COMPRIMIDOS,UN,1,M
261,BENALET PASTILHAS SABOR MENTA COM 4 UNIDADES,UN,1,UN
262,"HAMBURGER NOBRE FGO E BOV 36UN 2,01KG NOBRE",UN,1,KG
263,CATETER BD INTRAVENOSO 20,UN,1,BD
264,CATETER BD INTRAVENOSO 16,UN,1,BD
265,"FITA CREMER MICROPOROSA 2,5MMX0,9M",UN,1,M
266,GERGELIM KG,UN,1,KG
267,"MELOXICAM 15MG INJETAVEL EUROFARMA GENERICO 1 AMPOLA DE 1,5ML",ml,8,ML
268,SCALP BD ASEPTO 25G LARANJA COM 1 UNIDADE REF.:388339,UN,1,BD
269,CAMISA CONTANDO SEGUNDOS ROSA P,UN,1,P
270,EPATIVAN FLACONETE COM 10ML,ml,8,ML
271,DIPIRONA SODICA 500MG PRATI GENERICO ENVELOPE COM 10 COMPRIMIDOS,UN,1,M
272,PARACETAMOL 750MG PRATI GENERICO ENVELOPE COM 12 COMPRIMIDOS,UN,1,M
273,AS-MED 500MG COM 10 COMPRIMIDOS,UN,1,M
274,MISTURA CREME CONFEITEIRO - MA,KG,0,UN
275,MISTURA PARA PAO DE LO NEUTRO,KG,0,UN
276,RECHEIO COCO - MATERIA PRIMA,KG,0,UN
277,CREME CULINARIO LEITE - MATERI,KG,0,UN
278,GOIABADA - MATERIA PRIMA,KG,0,UN
279,POLVILHO AZEDO - MATERIA PRIMA,KG,0,UN
280,REFRESCO PO - MATERIA PRIMA,KG,0,PO
281,CONDICIONADOR DE MASSA - MATER,KG,0,UN
282,EMBALAGEM FABRICACAO PROPRIA 3,UN,1,UN
283,GARR.RET.CERVEJA 600ML,UN,1,ML
284,DISCO ISOPOR 15CM - EMBALAGEM,UN,1,CM
285,LUFTA GASTROPRO SUSPENSAO ORAL SACHE 1 UNIDADE DE 10ML,ml,8,UNIDADE
286,CREME DE CEBOLA - MATERIA PRIM,KG,0,UN
287,PAO DE QUEIJO CONGELADO - MATE,KG,0,UN
288,EMBALAGEM HOT DOG 25X48- EMBAG,UN,1,UN
289,BARRA CHOCOLATE AMARGO- MATERI,KG,0,UN
290,EMBALAGEM LISA POLIE 20CM X 30,UN,1,CM
291,CREME CHANTILLY CHOCOLATE - MA,KG,0,UN
292,MISTURA BOLO ABACAXI - MATERIA,KG,0,UN
293,COCO EM FLOCOS - MATERIA PRIMA,KG,0,EM
294,FORMINHA DE PAPEL NR 5 - EMBAL,UN,1,EMBAL
295,EMBALAGEM PAO DE FORMA 23 X 48,UN,1,UN
296,EMBALAGEM HAMBURGUER 25CM X 45,UN,1,CM
297,EMBALAGEM LISA POLIE 15CM X 30,UN,1,CM
298,TRIPA SALGADA OVINA CARNEIRO M,KG,0,M
299,FRANGO INTEIRO RESFRIADO - MAT,KG,0,UN
300,PERNIL SUINO SEM OSSO - MATERI,KG,0,UN
301,SAL DE CURA - MATERIA PRIMA,KG,0,UN
302,CONDIMENTO CALABRESA - MATERIA,KG,0,UN
303,GRANULADO VERMELHO - MATERIA P,KG,0,P
304,TOUCINHO PARA TORRESMO - MATER,KG,0,UN
305,FARINHA DE TRIGO BIANCA - MATE,KG,0,UN
306,CORANTE GEL AZUL MARINHO - MAT,KG,0,UN
307,AZEITONA VERDE FATIADA - MATER,KG,0,UN
308,COXAO MOLE BOVINO - MATERIA PR,KG,0,PR
309,CASQUINHA DE SORVETE BAUNILHA,UN,1,UN
310,TRIPA SUINA SALGADA MACO - MAT,KG,0,UN
311,ACAI EM CALDA PARA EXPRESSO -,KG,0,EM
312,TOUCINHO PARA GORDURA - MATERI,KG,0,UN
313,PEITO DE FRANGO - MATERIA PRIM,KG,0,UN
314,COXA FRANGO - MATERIA PRIMA,KG,0,UN
315,LINGUICA REAL BACON - MATERIA,KG,0,UN
316,XANTINON ENVELOPE COM 10 COMPRIMIDOS,UN,1,UN
317,MASCARA DE MALHA ANTIALERGICA REUTILIZAVEL COLORTEXTIL DUPLA CAMADA 2 UNIDADES,UN,1,UN
318,GALAO VAZIO INGA 20L,UN,1,L
319,CASADINHO NATA DE MINAS 250 G,,-1,G
320,PIRULITO AMOR,UN,1,UN
321,GELEIA LINEA 230G MORANGO DIET,UN,1,G
322,GIRASSOL PACHA 500G,UN,1,G
323,CAMISA CONTANDO SEGUNDOS ROSA M,UN,1,M
324,DOCE DINDAN C/20 COCADA PRETA -,PT,10,UN
325,PASTILHA TIC TAC LARANJA 16G,UN,1,G
326,SABORIZANTE P/CHURRASCO 500G PRODUCAO,UN,1,G
327,VERMIFUGO VERMITRAT P,UN,1,P
328,ABACATE,KG,0,UN
329,PAO PLUSVITA 12 GRAOS 450G,UN,1,G
330,"CALDO DE CARNE 1,01KG",UN,1,KG
331,AGUA DE COCO 1LT IFOOD,UN,1,LT
332,OLEO DE PEROBA TRADIC 200ML,UN,1,ML
333,CORDA DE VARAL BRANCA LIMPA SUL 15M,UN,1,M
334,LING TOSCANA FRIOS LONDRINA RESFR KG CPRA,KG,0,KG
335,KIT ESCOVA DENTAL ORAL B CLASSIC LEVE 3 PAGUE 2,UN,1,UN
336,ALCOOL EM GEL HANDGEL REFIL DESPESA,UN,1,EM
337,MESIDOX 2MG COM 30 COMPRIMIDOS,UN,1,M
338,ENXOFRE NUTRACT 1KG,UN,1,KG
339,FEMININO CALCA,KG,0,UN
340,CEREAL BARRA NUTRY BOLO CHOCOATE LIGHT 22G,UN,1,G
341,QJ PARMESAO (RALADO),Kilo,11,UN
342,PASTILHA TIC TAC MORANGO 16G,UN,1,G
343,BARRA AGTAL MIXED NUTS ORIGINAL 30G,UN,1,G
344,FLORES CRAVINEA P11,,-1,UN
345,COOKIES LINEA NOZES E CHOCOLATE ZERO 40G,UN,1,G
346,BARRA NUTS - BAR SABOR CASTANHAS E SEMENTES 25G,UN,1,G
347,BARRA NUTS - BAR SABOR CASTANHAS E FRUTAS 25G,UN,1,G
348,BARRA PROTEIN SUPINO CHOCOLATE 30G,UN,1,G
349,CEREAL BARRA NUTMIX AMENDOAS E DAMASCO SEM ACUCAR 27G,UN,1,G
350,COOKIES BAUDUCCO INTEGRAIS AVEIA COM PASSAS 40G,UN,1,G
351,"GOMA DE MASCAR MENTOS PURE FRESH 3 FRESH MINT SEM ACUCAR 8,5G",UN,1,G
352,BICHINHO DO BRASIL GOLFINHO,UN,1,UN
353,DROPS HALLS MINI CEREJA 15G,UN,1,G
354,CHOCOLATE TALENTO GAROTO DOCE DE LEITE 90G,UN,1,G
355,BARRA AGTAL MIXED NUTS CRANBERRY 30G,UN,1,G
356,BARRA AGTAL MIXED NUTS COCO E AMENDOA 30G,UN,1,G
357,LING CHURRASCO AURORA RESFRIADA KG CPRA CPRA CONGELADO,KG,0,KG
358,FORMA P/BOLO 56 CRISTAL,UN,1,UN
359,AP BARB PRESTOBARBA UN,UN,1,UN
360,REVISTA PAGUE MENOS SEMPRE BEM EDICAO 27,UN,1,UN
361,REVISTA PAGUE MENOS SEMPRE BEM EDICAO 28,UN,1,UN
362,CLINIC FARMA TESTE DE BIOIMPEDANCIA,CX,3,UN
363,CLINIC FARMA TESTE DE GLICEMIA CAPILAR,CX,3,UN
364,REVISTA PAGUE MENOS SEMPRE BEM EDICAO 30,UN,1,UN
365,CLINIC FARMA APLIC INJETAVEL,UN,1,UN
366,REVISTA PAGUE MENOS SEMPRE BEM EDICAO 31,UN,1,UN
367,SACOLA LOJA MIL TAMANHO M,UN,1,M
368,SACOLA LOJA MIL TAMANHO P,UN,1,P
369,CLINIC FARMA COVID PAGUE MENOS,UN,1,UN
370,REVISTA PAGUE MENOS SEMPRE BEM EDICAO 33,UN,1,UN
371,AMENDOIM CRU DO SERTAO 380G,UN,1,G
372,CLINIC FARMA PRESSAO ARTERIAL+GLICEMIA,UN,1,UN
373,CLINIC FARMA TESTE VITAMINA D,UN,1,UN
374,CLINIC FARMA TESTE HEMOGLOBINA GLICADA,UN,1,UN
375,CLINIC FARMA TESTE COVID MEU DNA,UN,1,UN
376,CONSULTA FARMACEUTICA AFERICAO DE PRESSAO E DIABETE - CLINIC FARMA HOME,UN,1,UN
377,CLINIC FARMA TESTE PSA ECODIAGNOSTICA,UN,1,UN
378,CLINIC FARMA TESTE CORONA,UN,1,UN
379,CLINIC FARMA SERVICO COVID-19,UN,1,UN
380,CLINIC FARMA TESTE DENGUE DUO ECO,UN,1,UN
381,CLINIC FARMA TESTE BETA HGC ECO,UN,1,UN
382,CLINIC FARMA TESTE INFLUENZA A/B ECO,UN,1,UN
383,CLINIC FARMA HOME COVID AG SALIVA,UN,1,UN
384,CLINIC FARMA COMBO COVID IGM/IGG/AG,UN,1,COMBO
385,CLINIC FARMA TESTE COVID+INFLUENZA,UN,1,UN
386,SACO PAPEL CHAVES 1KG C/100,PCT,12,KG
387,SACO PAPEL KRAFT CHAVES 2KG C/500,PCT,12,KG
388,SACO PAPEL CHAVES 1/2 C/500,PCT,12,UN
389,SACO PAPEL CHAVES 1/4 C/100,FD,4,UN
390,SACO PAPEL CHAVES 1/2 C/100,PCT,12,UN
391,SACO PAPEL CHAVES KRAFT 1/4 C/500,FD,4,UN
392,ETIQUETA ADESIVA 60 X 96 TERMICA,UN,1,UN
393,MOPAR MAXPRO DIESEL,UN,1,UN
394,Glitter Da Nova 3g C/03,UN,1,g
395,LACO FACIL 1002,UN,1,UN
396,LACO FACIL 554,UN,1,UN
397,SACO CHAVES PIPOCA 2 C/100,PC,13,UN
398,SACO CHAVES PIPOCA 3 C/100,PC,13,UN
399,SACO CHAVES PIMENTA C/100,PC,13,UN
400,CHIP DA VIVO SEM RECARGA,UN,1,UN
401,CHIP DA VIVO COM RECARGA,UN,1,UN
402,CHIP DA CLARO,UN,1,UN
403,CARNE MOIDA CONG FAZENDA FUTURO 270G,UN,1,G
404,LING SUINA MIMOSA CHURRASQUITA RESF KG CPRA 603,CX,3,KG
405,FORMA P/BOLO CP 50 CRISTAL,UN,1,CP
406,SACO CHAVES LANCHES 1 C/100,PCT,12,UN
407,SACO CHAVES LANCHES 2 C/100,PCT,12,UN
408,BATATA RUFFLES 300G SAL 300044682,CX,3,G
409,RACAO NUTRE FASHION DOG KG,KG,0,KG
410,TOMATE LONGA VIDA T.II KG,KG,0,KG
411,SACO P /PRESENTE GALA 58X89,UN,1,P
412,SABAO ALA PO 5 EM 1 ERVA DOCE BICARB 500G,UN,1,G
413,SACO CHAVES HAMBURGUER C/100,PC,13,UN
414,SB YPE (UN)200G FRESH/VERDE,UN,1,G
415,SACO PAPEL CHAVES HAMBURGAO C/100,PC,13,UN
416,SACO CHAVES HOT DOG C/100,PC,13,UN
417,SACO CHAVES VIAGEM 1 C/100,PCT,12,UN
418,PAO PULLMAN BISNAGUITO,UN,1,UN
419,SACO CHAVES VIAGEM 3 C/100,PCT,12,UN
420,AVENTAL PLASTICO UND,UN,1,UND
421,MORTADELA ALEMA SCHENDER KG,KG,0,KG
422,SACOLA PLASTICA PEQUENA UND,UN,1,UND
423,MARIA MOLE 80G,UN,1,G
424,LING SUINA SAUDALI RESFR KG CPRA,KG,0,KG
425,PAPEL SEDA OCB PREMI,UN,1,UN
426,PAPEL SEDA OCB MINI ROLLS PREMIUM,UN,1,UN
427,PAPEL SEDA OCB,UN,1,UN
428,LP TNA19 PLI SHAPER 190ML,,-1,ML
429,LP TNA19 WEB 150ML,,-1,ML
430,ALCOOL KIMBERLY (USO COAP),UNID,14,UN
431,SMART ACESSORIOS FONE OUVIDO C/ MIC APPLE - HMASTON,UN,1,UN
432,SACOLA CHAVES REC 30X40 1KG,UN,1,KG
433,AGUA DE COCO KERO COCO 1L,UN,1,L
434,AMEIXA SECA KG S/CAROCO HORT KG,KG,0,KG
435,VASIL COCA COLA 1 LITRO,UN,1,LITRO
436,PRE-MESCLA BOLO CHOCOL,UN,1,UN
437,VASIL COCA COLA 290ML,UN,1,ML
438,VASIL GARRAFAS 600ML,UN,1,ML
439,LEITE SOJA ADES ORIG 1L,,-1,L
440,BOTINA ELAS GARRA LN BRONZE SBIC N38,,-1,LN
441,BOTINA ELAS GARRA LN BRONZE SBIC N41,,-1,LN
442,BOTINA ELAS GARRA LN BRONZE SBIC N42,,-1,LN
443,BOTINA ELAS GARRA LN BRONZE SBIC N43,,-1,LN
444,BOTINA ELAS GARRA LN BRONZE SBIC N44,,-1,LN
445,PINGENTE LIFE MALTES VIVARA,,-1,UN
446,PINGENTE LIFE BULDOG FRANCES VIVARA,,-1,UN
447,PINGENTE LIFE OSSO VIVARA,,-1,UN
448,PINHA UN,UN,1,UN
449,FORMA PAPEL BCA,UN,1,UN
450,CONJ PLAST G32,UN,1,UN
451,CANETA BIC,UN,1,UN
452,COCO SECO MEDIO 5KG,UN,1,KG
453,CALDA CARAMELO,UN,1,UN
454,FILME PVC 40MM X 1000MT RESINITE 1,UN,1,MT
455,X-SALADA,UN,1,UN
456,X-BACON,UN,1,UN
457,AMERICANO,UN,1,UN
458,BAURU RECANTO,UN,1,UN
459,QUEIJO QUENTE,UN,1,UN
460,BOLINHO DE CARNE,UN,1,UN
461,COPO AMERICANO,UN,1,UN
462,COPO DE LEITE PEQUENO,UN,1,UN
463,VITAMINA,UN,1,UN
464,CHOCOLATE QUENTE GDE,UN,1,UN
465,CHOCOLATE QUENTE PQ,UN,1,UN
466,CHA NACIONAL,UN,1,UN
467,SUCO FRUTA COM LEITE,UN,1,UN
468,SUCO POLPA FTAS C AGUA,UN,1,UN
469,X-EGG SALADA,UN,1,UN
470,GARRAFAO AGUA MINERA,UN,1,UN
471,IOG BATIDO COM LEITE,UN,1,UN
472,SANDUICHE QUEIJO BRANC,UN,1,UN
473,SANDUICHE PEITO PERU C,UN,1,UN
474,CAPUCCINO PEQUENO,UN,1,UN
475,CAPUCCINO GRANDE,UN,1,UN
476,MARGARINA AMELIA 80% M,UN,1,M
477,BOLINHO OVO,UN,1,UN
478,PAO COM OVO,UN,1,UN
479,SANDUICHE DE FILE,UN,1,UN
480,S M PERU FRESCAL UN,UN,1,UN
481,COPO MOUSSE 10UN,UN,1,UN
482,SUCO LARANJA+COMPLEMEN,UN,1,UN
483,S M LOMBO MUSSAR UN,UN,1,UN
484,RECH MORANGO,UN,1,UN
485,SANDUICHE MORTAD CERAT,UN,1,UN
486,CONJ.PLAST.C/100UN,UN,1,UN
487,PAPEL MANTEIGA,UN,1,UN
488,CHOC FLAVOR RIGHT 907G,UN,1,G
489,MISTURA PAO ALHO 10KG,UN,1,KG
490,BOBINA 80MMX40M,UN,1,M
491,REFRES TANG GUARANA 25G,UN,1,G
492,OLEO USADO 1L,UN,1,L
493,CESTA BASICA CASCAVEL UN,KT,15,UN
494,VHO ITA.POGGIO RUB.CAMPO D.PRETE 750ML,UN,1,ML
495,VHO ITA.POGGIO RUB.LA CROCE 750ML,UN,1,ML
496,FILE PEITO SEARA BJ 1K,UN,1,K
497,SACO CHAVES MONO 1/2 C/100,PCT,12,UN
498,VHO ITA.POGGIO RUB.BRUNELLO MONTALC.750M,UN,1,M
499,FITA ADESIVA.POLO 48MMX50MTS,UN,1,MT
500,CAIXA PLASTICA P/ ENTREGA,UN,1,CAIXA
501,CESTINHA P/ COMPRA PLASTICO,UN,1,UN
502,COTONETE JOHNSON 150UN L3P2,UN,1,UN
503,COMBO FAMILIA FGO+BAIAO+LINGUICA,,-1,COMBO
504,PO P/GELATINA STEVIA LIGHT 10GR L3P2,UN,1,GR
505,VHO CHI.STA EMA SAUV.B.G.RSVA 750ML L3P2,UN,1,ML
506,BISC.BAUD.CEREALE 170/147 OU 141GR L3P2,UN,1,GR
507,ARROZ ITA.MAMMA BIA ARBORIO 500GR L3P2,UN,1,GR
508,COOKIES JASMINE INT.SABORES 150G L3P2,UN,1,G
509,GELO EM ESCAMA FILTRADO 5KG,UN,1,KG
510,GELEIA POL.MAMMA BIA 450GR L3P2,UN,1,GR
511,AZEITONA ESP.MAMMA BIA VDE 198GR L3P2,UN,1,GR
512,UREIA AGRICOLA 500GR,UN,1,GR
513,CEREAL PINATI NUTS S/GLUTEN 2UN L3P2,UN,1,UN
514,BEGONIA PEQUENA,UN,1,UN
515,HOT HIT SEARA SABORES 145GR L3P2,UN,1,GR
516,ALVEJ.VANISH M.USO SACHET 500ML L3P2,UN,1,ML
517,VHO ITA.BADISSA MERLOT TTO.750ML L3P2,UN,1,ML
518,VHO CHI.APALTAGUA ROSE RES.750ML L3P2,UN,1,ML
519,RACAO DOG CHOW SACHET 100GR L6P4,UN,1,GR
520,N.TALHARIM - MISTA 11 50X99GR,UN,1,GR
521,LIMP.CASA & PERF.500ML L3P2,UN,1,ML
522,LAVA ROUP.ARIEL 1.2L 50% DESC.SEG.UNI,UN,1,L
523,AMENDOA TORRADA MAMMA BIA 150GR,UN,1,GR
524,CRANBERRY 120GR,UN,1,GR
525,MAC.RENATA C/OVOS SPAG.8 500GR L3P2,UN,1,GR
526,MORANGO 350GR,UN,1,GR
527,MORTADELA REZENDE KG,KG,0,KG
528,PIPOCA PRONTA LINEA 50GR L3P2,UN,1,GR
529,CHOC.LINEA AO LEITE ZERO ACUC.250GR L3P2,UN,1,GR
530,LAVA HORTIFRUTI COALA UTILLIS 300ML L3P2,UN,1,ML
531,BISC.TOSTINES CALIPSO 130GR L3P2,UN,1,GR
532,VHO ARG.HEREFORD BONARDA TTO 750ML L3P2,UN,1,ML
533,VHO ARG.HEREFORD TEMPRANILO 750ML L3P2,UN,1,ML
534,CHOC.HERSHEYS MAIS 102G L3P2,UN,1,G
535,SAB.JOHNSON BABY FRAG.L6P4,UN,1,P
536,CERV.WITBIER PRAYA GF.600ML L3P2,UN,1,ML
537,SALADA ITALIANA 100GR,UN,1,GR
538,ASPARGO LA VIOLETERA INT.BCO.205GR L3P2,UN,1,GR
539,CASTANHA DE CAJU MISTA MAMMA BIA 150GR,UN,1,GR
540,FIGO TURCO SECO 200GR,UN,1,GR
541,CUP NOODLES 69GR L3P2,UN,1,GR
542,CERV.EISENBAHN IPA SLEEK LT.350ML L6P4,UN,1,ML
543,ABSORV.INTIMUS C/30UN L+P- L3P2,UN,1,UN
544,ALCOOL GEL 500ML L3P2,UN,1,ML
545,CERV.EISENBAHN AMER.IPA L/N.355ML L6P4,UN,1,ML
546,AZEITONA ESP.MAMMA BIA PTA 198GR L3P2,UN,1,GR
547,BISC.S.SAUDE AVEIA /CACAU 90GR L3P2,UN,1,GR
548,LENTILHA YOKI 500G L3P2,UN,1,G
549,Embalagem Plastica P/ Hot Dog,FD,4,UN
550,Embalagem Plastica P/ Lanche,FD,4,UN
551,RACAO CESAR 85GR L6P4,UN,1,GR
552,RACAO SHEBA 85GR L6P4,UN,1,GR
553,KIT LYSOFORM GTS DESINF.ORIG.500ML,UN,1,ML
554,KIT GLADE GTS ODOR.AGUAS FLORAIS 12ML,UN,1,ML
555,TOALHA UMID.CAFUNE SEM FRANG.50UN L3P2,UN,1,UN
556,AMENDOIM YOKI JAPONES 70GR L3P2,UN,1,GR
557,MINI WAFER BITES SABORES 52GR L3P2,UN,1,GR
558,TORRADINHA PANETINI L3P2,UN,1,P
559,AMENDOIM ELMA CHIPS L3P2,UN,1,P
560,CERVEJA PALTA FRUIT BEER 473ML L3P2,UN,1,ML
561,LIMP.VEJA 1L L3P2,UN,1,P
562,KIT MR.MUSCULO GTS LIMPA VIDROS,UN,1,UN
563,COOKIES BAUDUCCO 140GR L3P2,UN,1,GR
564,COOKIES BAUDUCCO 60GR L3P2,UN,1,GR
565,CERV.BLACK PRINCESS GOLD LT 350ML L12P10,UN,1,ML
566,CANJICA YOKI CRISTAL 500G L3P2,UN,1,G
567,DESINF.LYSOCLIN BRUTO 500ML L3P2,UN,1,ML
568,MAIONESE HEINZ 400G 30%DESC.KETCHUP JAL.,UN,1,G
569,MAIONESE HEINZ 390G 30%DESC.KETCHUP PIC.,UN,1,G
570,CERV.BOHEMIA LT.269ML L15P10,UN,1,ML
571,KIT BOTICA CORPORAL C/04UN GTS BANHEIRA,UN,1,UN
572,ACUCAR REFINADO UNIAO 1KG DOCUCAR,CX,3,KG
573,TOUCA PROTETORA C/ ABA BRANCA,UN,1,UN
574,CAMISA SOCIAL,UN,1,UN
575,CAMISETA PREVENCAO,UN,1,UN
576,CALCA BRANCA BRIM,UN,1,UN
577,BONE BRANCO FRIOS/ACOUGUE,UN,1,UN
578,BOTA BRANCA FRIOS/ACOUGUE,UN,1,UN
579,CAMISETA POLO,UN,1,UN
580,AVENTAL PVC,UN,1,UN
581,PRESILHA LACO P/ CABELO,UN,1,UN
582,BOTINA USO EPI,UN,1,UN
583,VASIL CERV LITRINHO AMBEV 300ML,UN,1,ML
584,CESTINHA P/ COMPRA S-600,UN,1,UN
585,LACOS PRONTOS 18X36 PEQUENO UN,UN,1,UN
586,CINTURAO ABDOMINAL/LOMBAR,UN,1,UN
587,AMAC B SOFT T CAR 6X2L ATAC,UN,1,L
588,PAO PULLMAN FORMA INTEGRAL S/ACUCAR,UN,1,UN
589,LEITE NINHO INTEGRAL 1LT,UN,1,LT
590,GRELHA 50X40,UN,1,UN
591,SACOLA CHAVES BCA 25X35 C/100,UN,1,UN
592,ENGR REFRIG COCA LITRO 12X1,UN,1,LITRO
593,CARRINHO C 2 CESTOS RODCAR,UN,1,UN
594,CARRINHO C RODCAR 210L,UN,1,L
595,CARRINHO C RODCAR 90L,UN,1,L
596,CARRINHO C ESTACIONAMENTO,UN,1,UN
597,CARRINHO ABASTECIMENTO,UN,1,UN
598,SACOLA CHAVES REC 35X45 1KG,UN,1,KG
599,CARRINHO ROOL CONTENEUR,UN,1,UN
600,VASIL AGUA 20L,UN,1,L
601,MEIAO DE ALGODAO,UN,1,UN
602,KIT H2OTIMA 500+GELO OL C 5KG,UN,1,KG
603,MASCARA TECIDO,UN,1,UN
604,CARRINHO P/FLORES,UN,1,UN
605,DIVISORA P/ CARRINHO DE FLORES,UN,1,UN
606,GRELHA 60X50,UN,1,UN
607,KIT CHURRASCO 3 7KG,UN,1,KG
608,MPC PHYSALIS UN PRODUCAO,FC,16,UN
609,ELASTICO STIKA MAIS 3M,UN,1,M
610,PETISCUS CRISPIS PIMENTA 100G,UN,1,G
611,SABAO EM BARRA SEM EMBALAGEM,UN,1,EM
612,FORMA PAPEL PANETONE 500G UN,UN,1,UN
613,CERVEJA ITAIPAVA 269ML C 12 EXCLUIDO,UN,1,ML
614,COND SEDA LISO PERFEITO 325ML,UN,1,ML
615,MOLHO INGLES KITANO 150ML,UN,1,ML
616,MOLHO PIMENTA KITANO 150ML,UN,1,ML
617,MOLHO SHOYU KITANO 150ML,UN,1,ML
618,MOLHO ALHO KITANO 150ML,UN,1,ML
619,VASSOURA NYLON,UN,1,UN
620,VASSOURA FLORICA,UN,1,UN
621,CANETA COMPACTOR PRETA,UN,1,UN
622,UC BANDEJA ISOPOR 3-R,PC,13,UN
623,CANETA COMPACTOR VERMELHO,UN,1,UN
624,LING CHURRASCO IMPERIO KG CPRA 1005001,KG,0,KG
625,SOBRECOXA FRANGO NOBRE RESF BJ 700G (V),GR,17,BJ
626,CJ TIGELA KREA C/TAMPA 5PCS,UN,1,PC
627,FLOCOS DE AVEIA GROSSA (F) AGRANEL SC 1X1 25KG,SC,18,KG
628,ACUCAR MASCAVO ESCURO AGRANEL SC 1X1 30G,SC,18,SC
629,AMEICA S/ CAROCO 1 KG FD 1X10 1 KG,FD,4,KG
630,AMENDOA 1 KG FD 1X10 1 KG,FD,4,KG
631,ARROZ INT CATETO BRANCO AGRANEL SC 1X1 25KG,SC,18,KG
632,ARROZ INT CATETO VERMELHO F&T 1KG FD 1X12 1KG,FD,4,KG
633,ARROZ INTCATETO BRANCO F&T 1 KG FD 1X12 1KG,FD,4,KG
634,ARROZ INT CATETO BRANCO 5 KG FD 1X6 5KG,FD,4,KG
635,ARROZ CATETO 5 KG FD 1X6 5 KG,FD,4,KG
636,FARELO DE ARROZ TOST F&T 200GR FD 1X12 200G,FD,4,FD
637,FARELO DE TRIGO GROSSO TOSTADO AGRANEL SC 1X1 20KG,SC,18,KG
638,FARINHA DE CENTEIO GROSSA AGRANEL SC 1X1 25KG,SC,18,KG
639,GERSAL BRANCO F&T 100GR FD 1X12 100G,FD,4,FD
640,CARNE VEGETAL SUPERBOM 400G CX 1X12 400G,CX,3,CX
641,CASTANHA DE CAJU INT TS F&T 1KG UN 1X1,UN,1,KG
642,CASTANHA DE CAJU INT 1 KG FD 1X10 1 KG,FD,4,KG
643,MAC INT NINHO EXCELSA 500GR CX 1X12 500G,CX,3,CX
644,NOZES F&T 1KG FD 1X10 1KG,FD,4,KG
645,OKOSHI 200GR CX 1X24 200G,CX,3,CX
646,PTS FINA CLARA (NL 4000) AGRANEL SC 1X1 20KG,SC,18,KG
647,PTS FINA ESCURA (CL 4000) AGRANEL SC 1X1 20KG,SC,18,KG
648,PTS GRAUDA CLARA (NL 8000) AGRANEL SC 1X1 15KG,SC,18,KG
649,PTS GRAUDA ESCURA (CL 8000) AGRANEL SC 1X1 15KG,SC,18,KG
650,TRIGO EM GRAO AGRANEL SC 1X1 40KG,SC,18,KG
651,CREME NIVEA KIDS 56G,UNIDADE,19,G
652,FLOCOS DE MILHO C/LEITE COND AGRANEL SC 1X1 8KG,SC,18,KG
653,FARINHA DE LINHACA ( DOURADA ) F&T 1KG FD 1X10 1KG,FD,4,KG
654,CREME KUHNE REMOULADE COM ERVAS,ml,8,UN
655,WAFFER KNOPPERS NUT BAR 40G,UN,1,G
656,BIFE VEGETAL SUPERBOM LATA 300G CX 1X12 300G,CX,3,CX
657,SACOLA CHAVES REC 40X50 1KG,UN,1,KG
658,LEVEDO DE CERVEJA AGRANEL KG 1X1,KG,0,KG
659,SAL MARINHO 1KG KG 1X1,KG,0,KG
660,ACUCAR DE COCO AGRANEL KG 1X1,KG,0,KG
661,PTS GRAUDA ESCURA F&T 2KG FD 1X6 2KG,FD,4,KG
662,PTS GRAUDA CLARA F&T 2KG FD 1X6 2KG,FD,4,KG
663,FARELO DE TRIGO FINO F&T 2KG FD 1X6 2KG,FD,4,KG
664,USO ETIQUETA BALANCA 60X75MM TOLEDO C/380 - BCA,UN,1,M
665,USO CUMBUCA BRS 2 C/TAMPA C/100,UN,1,UN
666,CR HIDRAT FACIAL NIVEA 56G,UND,20,G
667,UVA MISTA SEM SEMENTE 500G,GR,17,G
668,GARRAFEIRA 1L REFRI COCA COLA P/ VASILHAME C/ 12,UN,1,L
669,CANELA EM PO FLORA 50G POTE,,-1,G
670,MACAXEIRA SERTANEJA PCT 1KG,,-1,KG
671,CARNE BOVINA P/SUKIAKI 1KG GOURMEAT,UN,1,KG
672,VINHO FRANCES JEAN BOUCHARD CORTON-CHARLEMAGNE GRAND CRU 2016 750ML,ML,21,ML
673,AMORA CONGELADO 1KG,UN,1,KG
674,GARRAFEIRA CERVEJA 1L AMBEV AZUL P/ VASILHAME C/12,UN,1,L
675,VASILHAME GARRAFA 600ML PRIMEIRA CERVEJA,UN,1,ML
676,HF.CEBOLA,KG,0,UN
677,ENXAG BUCAL LISTERINE COLL MIN,UN,1,UN
678,Lona Plastica Preta 8x5 Silage,UN,1,UN
679,Carne Suina Torresmo Kg -At,KG,0,Kg
680,MAND GATSBY MOV LOOSE SHUF 15G,UN,1,G
681,USO SACO VACUO 18X22 C/1000 12 MICRA,FD,4,UN
682,CESTA BASICA MERCALE II,UN,1,UN
683,NOZES QUARTILHOS S/C MARIPOZA,UN,1,UN
684,TACA LIRIO 365ML AVULSO,UN,1,ML
685,VINHO ITALIANO AVIGNONESI DESIDERIO 2016 750ML,ML,21,ML
686,SACOLA CHAVES REC 45X60 1KG,UN,1,KG
687,Arame Galvanizado Gerdau N16 1kg,UN,1,kg
688,FOGAO INDL 2 BOCA ROA,UN,1,UN
689,ARAME GALVANIZADO GERDAU N18 1KG,UN,1,KG
690,VINHO TINTO ITALIANO VENTURINI AMARONE DELLA VALPOLICELLA CAMPO MASUA 2015 750ML,ML,21,ML
691,VINHO TINTO ITALIANO VENTURINI AMARONE DELLA VALPOLICELLA RISERVA 2009 750ML,ML,21,ML
692,Papel Cartao Cartaz,UN,1,UN
693,USO BAND G35 P/ TORTELETA C/100,UN,1,UN
694,Carne Bovina Bife Coxao Mole Faturamento,UN,1,UN
695,HF.ALHO GRANEL,KG,0,UN
696,PEIXE FCO SARDINHA ESPALM BJA KG,KG,0,KG
697,FERRADURAS 0N PLUS,UN,1,UN
698,CRAVOS COBRA E-3,UN,1,UN
699,CESTA ANGELONI MAES CONFEITARIA,UN,1,UN
700,CESTA ANGELONI MAES HAPPY HOUR,UN,1,UN
701,CESTA ANGELONI CHA MARACUJA,UN,1,UN
702,POTE 475ML CRISTAL,Ml,22,ML
703,Bloco Curriculum 5fls Sao Domingos,UN,1,UN
704,Kit Da Nova C/3 Coracao/Estrela/Lua,UN,1,UN
705,Embalagem P/ Bolo S60,UN,1,UN
706,Carne Frango Levida 15kg Dorso,KG,0,kg
707,SACO PRESENTE GALA 25X35 DIVERSOS,UN,1,UN
708,SACO PRESENTE GALA 25X35 C/5 DIVERSOS,UN,1,UN
709,Palito Natural 25x100 Bambu Cockt,UN,1,UN
710,PALITO DENTAL NATURAL 25X100 BAMBU,UN,1,UN
711,EMBALAGEM MEIWA HM-06 C/TAMPA BCA,UN,1,UN
712,MINI RALADOR ACO INOX,UN,1,UN
713,Envelope Foroni 185x248mm C/10 Amarelo,UN,1,m
714,Leite Lv Batavo 12x1 Sensy,CX,3,UN
715,Lapis Grafite Faber Castell 9000-6b C/2,UN,1,UN
716,Arame Galvanizado Gerdau N12 1kg,UN,1,kg
717,Placa E.V.A. Kreateva Cores,UN,1,UN
718,Placa E.V.A. Kreateva Glitter,UN,1,UN
719,Lona Leve Carga Pesada 2x3 Azul,UN,1,UN
720,LONA LEVE CARGA PESADA 3X4 AZUL,UN,1,UN
721,LONA LEVE CARGA PESADA 4X5 AZUL,UN,1,UN
722,LONA LEVE CARGA PESADA 5X6 AZUL,UN,1,UN
723,Lona Leve Carga Pesada 6x6 Azul,UN,1,UN
724,Conector Fame 6mm C/3bornes,UN,1,m
725,SACO PRESENTE GALA 30X45 VERMELHO C/5,UN,1,UN
726,Tampa Branca 82mm 469,UN,1,m
727,FOLHA CELOFANE 80X80 CRISTAL C/3,UN,1,UN
728,Bastao Cola Quente Jocar Office Fina 93270,UN,1,UN
729,PAPEL DUPLEX AMARELO 77X113,UNIDADE,19,UN
730,Envelope Tilibra 162x229 C/10 210188,UN,1,UN
731,Envelope Tilibra 240x340 C/10 210226/228524,UN,1,UN
732,Bastao Cola Quente J. Office Grossa C/2 93271,UN,1,UN
733,Lantejoula Da Nova C/3,UN,1,UN
734,OVO EMBALADO C/30 ( GRANEL),UN,1,UN
735,Consu Cereja Kg,UN,1,Kg
736,CASCO GARRAFA PET RETORNAVEL COCA/FANTA,UN,1,PET
737,Xicara Ambar 150ml C/06 Vidro,UN,1,ml
738,EXCLUIR,Un,23,UN
739,Lona Leve Carga Pesada 3x5 Azul,UN,1,UN
740,SACO PRESENTE GALA 20X29 DIVERSOS,UN,1,UN
741,Cartolina Tilibra Diversas,UN,1,UN
742,Tampa Branca 74mm C/20,FD,4,m
743,USO SBT LIQ NEUTRO 5L AREA ALIMENTICIA,UN,1,L
744,LONA PLASTICA PRETA P/FORRO 3X200,UN,1,UN
745,Palito Dental Gaboardi 25x100,FD,4,UN
746,TINT SALON LINE PRETO AZUL 1.0,CT,24,UN
747,CARNE FRANGO SADIA INTEIRO 18KG COM MIUDOS,CX,3,KG
748,DEMAQUILANTE DAVENE HIGIPORO LEITE 120ML,CX,3,ML
749,Lapis Madeira Compactor C/Borracha C/2 Hb N2,UN,1,UN
750,USO SELADOR SIMPLEX ACAB ACRILICO 5L REND 60M QUADRADO,UN,1,L
751,VASILHAME GARRAFA 1L REFRI AMBEV PEPSI E GUARANA,UN,1,L
752,CACHACA ARTESANAL MINEIRINHO OURO 900ML,UN,1,ML
753,BEBIDA LACTEA NESCAU 27X200ML,UN,1,ML
754,"PAO COMUM MINI BAG. INTEGRAL 2,25KG 30X75G",UN,1,KG
755,CATCHUP SACHET 144X7G PREDILECTA 144X7 G,UN,1,G
756,POTE 590ML BERLIM,UN,1,ML
757,CANETA COMPACTOR ESF ECONOMIC UNITARIA PRETA,UN,1,UN
758,CANETA COMPACTOR ESF ECONOMIC UNITARIA VERMELHA,UN,1,UN
759,CANETA COMPACTOR ESF ECONOMIC UNITARIA AZUL,UN,1,UN
760,TEMP KONAWASABI SB 35G,UN,1,G
761,CHEIRO VERDE SALSINHA/CEBOLINHA,UN,1,UN
762,NESCAFE DOLCE GUSTO LV3 PG2 CAFE CASEIRO C/3 128G,CX,3,G
763,NESCAFE DOLCE GUSTO LV3 PG2 CAPPUCCINO C/3 188G,CX,3,G
764,MAIONESE SACHET 144X7G PREDILECTA 144X7G,UN,1,G
765,MOLHO PIMENTA SACHET 144X3ML PREDILECTA 144X3ML,UN,1,ML
766,MOLHO TERIYAKI DAISO 100G,CX,3,G
767,MOLHO CHURRASCO DAISO 100G APIMENTADO,CX,3,G
768,CHOCOLATE DIVERSOS C/2,UN,1,UN
769,CARGA GAS P/13 LIQUIGAS,UN,1,UN
770,MILHO AMARELO 50KG CV SUPERMERCADO SMAT,SC,18,KG
771,MILHO AMARELO 50KG '' MOIDO '' CV SUPERMERCADO SMAT,SC,18,KG
772,PIPOCA DOCE PETISKOS 10X50G,FD,4,G
773,BANHA DONINI 3KG (NAO COMPRAR) (PRODUTO MESMO CODIGO DA LINGUICA),UN,1,KG
774,MILHO AMARELO 6X5KG CV SUPERMERCADO SMAT,FD,4,KG
775,CARNE FRANGO MARINGA 20KG,KG,0,KG
776,SACO CG PACK TRANSP. 30X45 DEC,UN,1,UN
777,EMBALAGEM MEIWA M104 EPS C/10 C/ TAMPA 800 ML,UN,1,ML
778,MOLHO BULL DOG CHUNOU SAUCE 300ML,UN,1,ML
779,GATSBY MOUS P/ESC 65G 00098,UN,1,G
780,"PAO COMUM CENTEIO BOLA MINI 3,5KG",UN,1,KG
781,"PAO COMUM FUBA BOLA MINI 3,5KG",UN,1,KG
782,"PAO COMUM LEITE BOLA MINI 3,5KG",UN,1,KG
783,BEBIDA LACTEA TODDYNHO 27X200ML CHOCOLATE CHOCOLATE,CX,3,ML
784,CUIA URUGUAIA/COQUINHO LEGENDARIA,UN,1,UN
785,EMB G-32 TORTA MINI NORMAL C/100UN,UN,1,UN
786,BOTINA FRIGODASKO COURO MEL SOLA PRETA,UN,1,UN
787,USO ETIQUETA BALANCA 60X125 ROLO C/30M,CX,3,M
788,AP GILLETTE PRESTOBARBA C2,UN,1,AP
789,USO SACO VACUO 25X35 C/1000 12 MICRA,UN,1,UN
790,USO SACO VACUO 15X22 C/1000 12 MICRA,UN,1,UN
791,USO SACO VACUO 13X30 C/1000 12 MICRA,UN,1,UN
792,"TIGELA BLUETRADE 1,6L ACO INOX N3 19474/5730",UN,1,L
793,SALGADO FRITO ESPECIAL S.,UN,1,UN
794,SALGADO ASSADO ESPECIAL S.,UN,1,UN
795,CESTA FRALDEIRA MEDIA S CORDA,UN,1,UN
796,BOLINHO RICHESTER ANIMADOS ZOO BAUNILHA C MORANGO 40G,UN,1,G
797,BOLINHO RICHESTER ANIMADOS ZOO BRIGADEIRO 40G,UN,1,G
798,USO SACO PAO BAGUETE PAPEL C/ VISOR PAPEL C/ VISOR,UN,1,UN
799,USO SACOLA PARA PAES 59X69CM 100% VIRGEM PAES FRANCES E AGUA,UN,1,CM
800,USO SACOLA SUPERPAO UNIAO 30X40 LARANJA LARANJA 30X40,UN,1,UN
801,USO LACRE SUPERPAO ESCADA FINANCEIRO,UN,1,UN
802,BANQUETA RM MAD. MEDIA MADEIRA,UN,1,UN
803,CADEIRA MAD. RM GRANDE MADEIRA,UN,1,UN
804,CAIXAO P/LENHA MAD. RM PEQUENO MADEIRA,UN,1,UN
805,CASINHA P/CACHORRO RM MAD.N 3 MADEIRA,UN,1,UN
806,ESPETO XIXO SUPERPAO DUPLO DUPLO,UN,1,UN
807,CONSU MASSA PIZZA LUTHI MEDIA,UN,1,UN
808,PROD DISCO ISOPOR 20CM C/400UN UN UNIDADE,UN,1,UN
809,USO LIMPADOR DESENGRAXANTE 5L USO MAQUINA,UN,1,L
810,USO BAND N10.1 PRETA 10PLE 273X146X22 C400 AUTO ABSORV,FD,4,P
811,FERM BRUGGEMAN INST 500G,CX,3,G
812,USO EMB BOLO GALVANOTEK ALTA G56MA COM 50,CX,3,EMB
813,CESTA VIME CANOA N2 17X30,UN,1,UN
814,CESTA VIME CANOA N3 23X36,UN,1,UN
815,BANDEJA VIME ALCA BAIXA 27X40,UN,1,UN
816,CESTA VIME REDONDA 20CM,UN,1,CM
817,BALDE DE ALUMINIO M COM ALCA COLORIDO,UN,1,M
818,BANDEJA DE PALHA N2 CAFE G,UN,1,G
819,Balde Gelo Aluminio Tacho Com Argola,UN,1,UN
820,CESTA BAMBU REDONDA 40CM,UN,1,CM
821,BALDE DE ALUMINIO GR COM ARGOLA DECALQUE,UN,1,GR
822,CESTA BAMBU REDONDA 20CM,UN,1,CM
823,USO CESTA BAMBU REDONDA 15CM,UN,1,CM
824,CONSU RECHEIO KG CREME DE AVELA,KG,0,KG
825,EMBALAGEM CESTA VIME GRANDE COM TAMPA 46X41X33,UN,1,UN
826,SAL REFINADO ITA 1G C/2000 SACHET,UN,1,G
827,CONSU BASE TORTA DOCE 8 CM,CX,3,CM
828,CONSU BASE TORTA DOCE 15 CM,CX,3,CM
829,USO FILME PVC 38X1000 MICRA 9,UN,1,UN
830,USO LACO FACIL PRONTO 32X510MM DOURADO,UN,1,M
831,USO SACO CELOFANE 60X75 INCOLOR,UN,1,UN
832,TROVO CARAMELO C/ 2 50G,UN,1,G
833,CESTA REDONDA VIME N.30 DOCE,UN,1,UN
834,MORANGO CONGELADO 1KG,UN,1,KG
835,"FORMULA NAT FRESH MEAT SENIOR PP/P 2,5KG UN UN",UN,1,KG
836,AMENDOIM TORRADO DACOLONIA S PELE 500G,UN,1,G
837,BISCOITO CAIPIRA DE LEITE,,-1,UN
838,SACO DE LIXO CHAVES 20LTS C/20,UN,1,LT
839,SACO DE LIXO CHAVES 60LTS C/10,UN,1,LT
840,CORDA DE VARAL BRANCA LIMPA SUL 10M,UN,1,M
841,EMB MILLENIUM QUAD REF GA90,UN,1,EMB
842,SAC PLAST PLASTJOPE 08X40 C/100,PC,13,UN
843,SAC PLAST PLASTJOPE 10X30 C/100,PC,13,UN
844,SAC PLAST PLASTJOPE 10X40 C/100,PC,13,UN
845,SAC PLAST PLASTJOPE 12X30 C/100,PC,13,UN
846,SAC PLAST PLASTJOPE 30X40 C/100,PC,13,UN
847,SAC PLAST PLASTJOPE 25X35 C/100,PC,13,UN
848,SAC PLAST PLASTJOPE 17X40 C/100,PC,13,UN
849,SALGADOS ADONAI SABORES,UN,1,UN
850,DV FRESH UVA PET 200ML,UN,1,ML
851,SACO LIXO TRANSPARENTE 105 LT,PT,10,LT
852,CHA,Un,23,UN
853,CHOC IMP POLONES PAWELEK CREAM IN MILK 45G,CX,3,G
854,CHOC IMP POLONES PAWELEK DUO 45G,CX,3,G
855,BOMBOM E.WEDEL DIVERSOS UND,CX,3,UND
856,KIT ALIMENTOS PEQUENA,UN,1,UN
857,BOLO TP SARD DELICIAS DO PAJEU 450G,UN,1,G
858,BOLACHAO DELICIAS DO PAJEU 380G,UN,1,G
859,AGUA MINERAL TALISMA 20LT,UN,1,LT
860,MASSA P/PIZZA NAPOLI F15,UN,1,UN
861,UVA THOMPSON 500G S/SEMENTE BDJ,UN,1,G
862,MASSA P/PIZZA 200G C/CAIXA DE PAPELAO,UN,1,G
863,DETERG LIQ YPE COCO 500ML,UN,1,ML
864,PEIXE FCO SARDINHA S/CABECA BJA KG,KG,0,KG
865,PA DE LIXO ZINCADA CABO CURTO MADEIRA,UN,1,PA
866,NOVILHA CASADA,UN,1,UN
867,AGUA SANITARIA MODALVA 1L,UN,1,L
868,SACOLA PLASTICA 40X50 PEDRAAZUL,,-1,UN
869,BOMBA SUB SAPO 250W,,-1,UN
870,POTE QUADRADO ERCA PLAST 1.5LT,UN,1,LT
871,QUEIJO MUSSARELA TOYA KG PEQ,KG,0,KG
872,DOCE TIJOLO BEIRA RIO ABACAXI C MAM,,-1,UN
873,OCEAN TECH OVER NITE 50ML,UNIDADE,19,ML
874,OCEAN TECH BLEND 50ML,UNIDADE,19,ML
875,OCEAN TECH BLEND 125ML,UNIDADE,19,ML
876,FARINHA ROSCA MARIZA 3KG X 6,FD,4,KG
877,RAPADURA SANTA CRUZ 900G,UN,1,G
878,COLA PRITT STICK BASTAO 20G,UN,1,G
879,ACHOC PO TODDY 200G,UN,1,G
880,CERV BUDWEISER 350ML,UN,1,ML
881,ESPON D M USO NAFT PLUS UND,PC,13,UND
882,AZEITE ANDORINHA EXT VIRGEM PORT 250ML,UN,1,ML
883,MARG DELICIA C/SAL PT 500G,UNIDADE,19,PT
884,LOMBO DE BACALHAU MAR & RIO 1KG,UN,1,KG
885,BEB ENERG LIFE BOOSTER LT 269ML G APPLE,UN,1,ML
886,MINI GELATINA LAS DELICIAS CARILOKAS UNID,UN,1,UNID
887,#DES.REXONA R-ON WOM.BA.AL.,UN,1,UN
888,COADOR DE CAFE UN,UN,1,UN
889,CHOC KINDER 75G C/6,UN,1,G
890,COGUMELO IN NATURA,UN,1,UN
891,APAR BARB PROBAK II 2UN,,-1,UN
892,HEINEKEN DK,Unidade,25,UN
893,ALFAJOR LAS COLONIAS CHOCOLATE BRANCO,Un,23,UN
894,BORRACHA RASPADORA HGA 20P,UN,1,P
895,DOCINHO BARRA 50GR,UN,1,GR
896,BOMBOM MILKA OREO 19G,UN,1,G
897,LEITE PO PIRACANJUBA 400G,UN,1,G
898,CIG FOX C/20,UN,1,UN
899,CIGARRO POINT,UN,1,UN
900,ESSENCIA ZOMO THAILAND 50G UND,UN,1,UND
901,ZOMO PERFECT BLACK,UN,1,UN
902,ESSENCIA ZOMO ABACALOCO 50G UND,UN,1,UND
903,ESSENCIA ZOMO MELORANGO 50G UND,UN,1,UND
904,APARELHO PROBAK UNIDADE,UN,1,UNIDADE
905,LAMINA WILKISON UNIDADE,UN,1,UNIDADE
906,BORRACHA MERCUR N 40,UN,1,UN
907,PILHA PANASONIC AA PEQUENA UN,UN,1,UN
908,SH INF T.XUXINHA 200ML CAMOMILA,UN,1,ML
909,FRANGO INTEIRO KG,KG,0,KG
910,FIGADO BOVINO KG,KG,0,KG
911,PIPOCA GOURMET PIPOCANDO KINDER BUENO 90,UN,1,UN
912,TORTA DE FRANGO PEQUENA,,-1,UN
913,CREME ANTITRANSPIRANTE S/PERF - KILT - 60 G,UN,1,G
914,ESFIHA DE CARNE DA MAY 300G,UN,1,G
915,ARQUIVO MORTO PAPELAO SAO CARLOS,UN,1,UN
916,BAUNILHA P/ BOLO,UN,1,UN
917,CIGARRO MARLBORO VERMELHO BOX,UN,1,UN
918,FLAN BATAVO FRUTAS VERMELHAS,UN,1,UN
919,COCO RALADO DUCOCO SECO 100G,UND,20,G
920,GATORADE LARANJA 500ML,UND,20,ML
921,BALA DIET FLOPI,UN,1,UN
922,BALA DIET FLOPI,UN,1,UN
923,BALA DIET FLOPI,UN,1,UN
924,BALA DIET FLOPI,UN,1,UN
925,COPO AMERICANO NADIR DUPLO COD.2710,UN,1,UN
926,BROCOLIS (CAULE),UN,1,UN
927,CERVEJA KAISER GOLD L NECK 355ML,UN,1,ML
928,BATAVO CREAMY LIGHT CHOCOLATE 180G,UN,1,G
929,"AGULHA BD HIPODERMICA PRECISIONGLIDE - 1,60X40,0",,-1,BD
930,"AGULHA BD HIPODERMICA PRECISIONGLIDE - 1,00X30,0",,-1,BD
931,CIGARRO YES BLUE/5200,CTS,26,UN
932,PARAF.VASO SANITARIO LATONA 10,UN,1,UN
933,ACUCAR REFINADO PREMIUM SACHE 5G UNIAO,UN,1,G
934,REFRIG CRUSH LATA 355ML LARANJA,UN,1,ML
935,DESOD.BANHO BANHO 55,UN,1,UN
936,CEBOLA QUANTIDADE:1KG,KG,0,KG
937,BATON GAROTO CHOC. BRANCO 16 GR,UN,1,GR
938,CEBOLA QUANTIDADE:250G,KG,0,G
939,DESOD.REXONA ROLL-ON,UN,1,UN
940,CEBOLA QUANTIDADE:500G,KG,0,G
941,IOIO CREM HERSHEYS MIX DUO 180GR,UND,20,GR
942,CHICLE ARCO POOSH TUTTI FRUTTI 5GR,UN,1,GR
943,IOG BATAVO CREAMY CHOC 90 G,UND,20,G
944,CHOC. NESTLE ALPINO 25G,UN,1,G
945,DOCE DE BANANA LOPES DE SOUZA 400GR,UN,1,GR
946,CHIC POOSH FRAMBOESA 7G,,-1,G
947,D.F.SACOLINHA BOM DIA 38X48 AMARE,CX,3,UN
948,DESOD REXONA ROLLON FEM COMPACT INT 30ML,UN,1,ML
949,BEB.LACTEA DAN.CORP/AME.C/4 400,BD,5,UN
950,COLA GLITER 15G VERDE,UN,1,G
951,DESOD.ROLLON DOVE 50ML,UN,1,ML
952,DOCE DE GOIBADA LOPES DE SOUZA 400GR,UN,1,GR
953,MACA QUANTIDADE:500G,UN,1,G
954,MACA QUANTIDADE:250G,UN,1,G
955,MACA QUANTIDADE:1KG,UN,1,KG
956,CHICLE ARCO POOSH TUTTI FRUTTI 5GR,UN,1,GR
957,BALA MINI MENTOS MELANCIA 10G,UN,1,G
958,COALHADA RAJ 200G SIRIA,UN,1,G
959,DESOD REXONA ROLLON COMP ACTIVE 30ML UN 30 ML,UN,1,UN
960,CIG CHESTERFIELD BLUE BOX UN,UN,1,UN
961,CIGARRO CHESTERFIELD ORIGINAL BLUE BOX,UN,1,UN
962,MAGNESIA PHILIPS HORTELA 12 PASTILHAS,UN,1,UN
963,CIGARRO CHESTERFIELD ORIGINAL LABEL BOX,UN,1,UN
964,SPRITE PET 200ML,UNIDADE,19,ML
965,CIGARRO LUCKY STRIKE ORIGINAL MACO PC UNIDADE,PC,13,PC
966,BLOCO ANOTACOES VINIL PRETO UN,UN,1,UN
967,EMULSIFICANTE DOCIGEL NEUTRO 90G,UN,1,G
968,EMB MILLENIUM POTE REF1030,UN,1,EMB
969,EMB MILLENIUM REF GO 935 ORIENTAL,UN,1,EMB
970,EMB MILLENIUM REF G56 MA,UN,1,EMB
971,ADIMIX CAKE RED VELVET 2KG,UN,1,KG
972,EMB A VACUO 18X25 QUEIJO,UN,1,EMB
973,XAROPE CONC MY FRUIT ABACAXI 1LI CX 06,CX,3,CX
974,FRALDA DESC JUMBO GALINHA PINT XG C-20 UN 1X20UN,UN,1,UN
975,FRALDA DESC JUMBO GALINHA PINT XG C-20 FD 10X20N,FD,4,FD
976,CREME PENT GOTA DOURADA 320ML FORTALECIMENTO GOTA DOURADA,UN,1,ML
977,PAO PAO QUENTE 1KG HAMBURGUER 15UND,UN,1,KG
978,PAO ESPECIAL HAMBURGUE 250G,UN,1,G
979,PAO QUENTE HOT DOG COM 6 PAES,UN,1,UN
980,CACETINHO PAO QUENT.250G,UN,1,G
981,ROSCA PAO QUENTE 250G,UN,1,G
982,TORRADA PAO QUENTE,UN,1,UN
983,SAND.HAVAIANAS TOP 23 A 32,UN,1,UN
984,BARRA CEREAL SUPINO BAN/CH BR LIGHT 24G,UN,1,BR
985,PAO PAO QUENTE X-TUDO GRANDE 5UND,UN,1,UN
986,BALA HALLS EXTRA FORTE,UN,1,UN
987,ETIQUETA PASCOA C/100,UN,1,UN
988,NOZOKI MARU COD779 ARTE CHARAO,UN,1,UN
989,FIGADO BOVINO CONGELADO (PV),KG,0,UN
990,QUEIJO PARMESAO PIRACANJUBA FRACIO,KG,0,UN
991,PAO DE GERGELIN ARTESANAL,UND,20,UN
992,PAO DE HAMBURGUER ARTESANAL 280G,UND,20,G
993,BOLO DE AIPIM 280G,UN,1,G
994,PAO CASEIRO SOVADO 450G STEINBACH,UND,20,G
995,PAO DE MILHO ARTESANAL 230G,UND,20,G
996,PAO DE BATATA ARTESANAL 240G,UND,20,G
997,PAO PARA HOT DOG ARTESANAL 280G,UND,20,G
998,PAO DOCE ARTESANAL UN,UND,20,UN
999,PAO DE MELAOZINHO ARTESANAL 230G,UND,20,G
